Team,Result,Margin,Toss,Bat,,Opposition,Ground,Start Date
Bangladesh,draw,-,won,1st,,v Pakistan,Khulna,28-Apr-15
Pakistan,draw,-,lost,2nd,,v Bangladesh,Khulna,28-Apr-15
West Indies,won,5 wickets,lost,2nd,,v England,Bridgetown,01-May-15
England,lost,5 wickets,won,1st,,v West Indies,Bridgetown,01-May-15
Pakistan,won,328 runs,lost,1st,,v Bangladesh,Mirpur,06-May-15
Bangladesh,lost,328 runs,won,2nd,,v Pakistan,Mirpur,06-May-15
England,won,124 runs,lost,1st,,v New Zealand,Lord's,21-May-15
New Zealand,lost,124 runs,won,2nd,,v England,Lord's,21-May-15
New Zealand,won,199 runs,lost,1st,,v England,Leeds,29-May-15
England,lost,199 runs,won,2nd,,v New Zealand,Leeds,29-May-15
Australia,won,9 wickets,lost,2nd,,v West Indies,Roseau,03-Jun-15
West Indies,lost,9 wickets,won,1st,,v Australia,Roseau,03-Jun-15
Bangladesh,draw,-,lost,2nd,,v India,Fatullah,10-Jun-15
India,draw,-,won,1st,,v Bangladesh,Fatullah,10-Jun-15
Australia,won,277 runs,lost,1st,,v West Indies,Kingston,11-Jun-15
West Indies,lost,277 runs,won,2nd,,v Australia,Kingston,11-Jun-15
Pakistan,won,10 wickets,won,2nd,,v Sri Lanka,Galle,17-Jun-15
Sri Lanka,lost,10 wickets,lost,1st,,v Pakistan,Galle,17-Jun-15
Sri Lanka,won,7 wickets,lost,2nd,,v Pakistan,Colombo (PSS),25-Jun-15
Pakistan,lost,7 wickets,won,1st,,v Sri Lanka,Colombo (PSS),25-Jun-15
Pakistan,won,7 wickets,won,2nd,,v Sri Lanka,Pallekele,03-Jul-15
Sri Lanka,lost,7 wickets,lost,1st,,v Pakistan,Pallekele,03-Jul-15
England,won,169 runs,won,1st,,v Australia,Cardiff,08-Jul-15
Australia,lost,169 runs,lost,2nd,,v England,Cardiff,08-Jul-15
Australia,won,405 runs,won,1st,,v England,Lord's,16-Jul-15
England,lost,405 runs,lost,2nd,,v Australia,Lord's,16-Jul-15
Bangladesh,draw,-,lost,2nd,,v South Africa,Chattogram,21-Jul-15
South Africa,draw,-,won,1st,,v Bangladesh,Chattogram,21-Jul-15
England,won,8 wickets,lost,2nd,,v Australia,Birmingham,29-Jul-15
Australia,lost,8 wickets,won,1st,,v England,Birmingham,29-Jul-15
Bangladesh,draw,-,won,1st,,v South Africa,Mirpur,30-Jul-15
South Africa,draw,-,lost,2nd,,v Bangladesh,Mirpur,30-Jul-15
England,won,inns & 78 runs,won,2nd,,v Australia,Nottingham,06-Aug-15
Australia,lost,inns & 78 runs,lost,1st,,v England,Nottingham,06-Aug-15
Sri Lanka,won,63 runs,won,1st,,v India,Galle,12-Aug-15
India,lost,63 runs,lost,2nd,,v Sri Lanka,Galle,12-Aug-15
India,won,278 runs,won,1st,,v Sri Lanka,Colombo (PSS),20-Aug-15
Sri Lanka,lost,278 runs,lost,2nd,,v India,Colombo (PSS),20-Aug-15
Australia,won,inns & 46 runs,lost,1st,,v England,The Oval,20-Aug-15
England,lost,inns & 46 runs,won,2nd,,v Australia,The Oval,20-Aug-15
India,won,117 runs,lost,1st,,v Sri Lanka,Colombo (SSC),28-Aug-15
Sri Lanka,lost,117 runs,won,2nd,,v India,Colombo (SSC),28-Aug-15
England,draw,-,lost,2nd,,v Pakistan,Abu Dhabi,13-Oct-15
Pakistan,draw,-,won,1st,,v England,Abu Dhabi,13-Oct-15
Sri Lanka,won,inns & 6 runs,won,1st,,v West Indies,Galle,14-Oct-15
West Indies,lost,inns & 6 runs,lost,2nd,,v Sri Lanka,Galle,14-Oct-15
Sri Lanka,won,72 runs,won,1st,,v West Indies,Colombo (PSS),22-Oct-15
West Indies,lost,72 runs,lost,2nd,,v Sri Lanka,Colombo (PSS),22-Oct-15
Pakistan,won,178 runs,won,1st,,v England,Dubai (DICS),22-Oct-15
England,lost,178 runs,lost,2nd,,v Pakistan,Dubai (DICS),22-Oct-15
Pakistan,won,127 runs,won,1st,,v England,Sharjah,01-Nov-15
England,lost,127 runs,lost,2nd,,v Pakistan,Sharjah,01-Nov-15
Australia,won,208 runs,won,1st,,v New Zealand,Brisbane,05-Nov-15
New Zealand,lost,208 runs,lost,2nd,,v Australia,Brisbane,05-Nov-15
India,won,108 runs,won,1st,,v South Africa,Mohali,05-Nov-15
South Africa,lost,108 runs,lost,2nd,,v India,Mohali,05-Nov-15
Australia,draw,-,won,1st,,v New Zealand,W.A.C.A,13-Nov-15
New Zealand,draw,-,lost,2nd,,v Australia,W.A.C.A,13-Nov-15
India,draw,-,won,2nd,,v South Africa,Bengaluru,14-Nov-15
South Africa,draw,-,lost,1st,,v India,Bengaluru,14-Nov-15
India,won,124 runs,won,1st,,v South Africa,Nagpur,25-Nov-15
South Africa,lost,124 runs,lost,2nd,,v India,Nagpur,25-Nov-15
Australia,won,3 wickets,lost,2nd,,v New Zealand,Adelaide,27-Nov-15
New Zealand,lost,3 wickets,won,1st,,v Australia,Adelaide,27-Nov-15
India,won,337 runs,won,1st,,v South Africa,Delhi,03-Dec-15
South Africa,lost,337 runs,lost,2nd,,v India,Delhi,03-Dec-15
New Zealand,won,122 runs,lost,1st,,v Sri Lanka,Dunedin,10-Dec-15
Sri Lanka,lost,122 runs,won,2nd,,v New Zealand,Dunedin,10-Dec-15
Australia,won,inns & 212 runs,won,1st,,v West Indies,Hobart,10-Dec-15
West Indies,lost,inns & 212 runs,lost,2nd,,v Australia,Hobart,10-Dec-15
New Zealand,won,5 wickets,won,2nd,,v Sri Lanka,Hamilton,18-Dec-15
Sri Lanka,lost,5 wickets,lost,1st,,v New Zealand,Hamilton,18-Dec-15
Australia,won,177 runs,lost,1st,,v West Indies,Melbourne,26-Dec-15
West Indies,lost,177 runs,won,2nd,,v Australia,Melbourne,26-Dec-15
England,won,241 runs,lost,1st,,v South Africa,Durban,26-Dec-15
South Africa,lost,241 runs,won,2nd,,v England,Durban,26-Dec-15
England,draw,-,won,1st,,v South Africa,Cape Town,02-Jan-16
South Africa,draw,-,lost,2nd,,v England,Cape Town,02-Jan-16
Australia,draw,-,lost,2nd,,v West Indies,Sydney,03-Jan-16
West Indies,draw,-,won,1st,,v Australia,Sydney,03-Jan-16
England,won,7 wickets,lost,2nd,,v South Africa,Johannesburg,14-Jan-16
South Africa,lost,7 wickets,won,1st,,v England,Johannesburg,14-Jan-16
South Africa,won,280 runs,won,1st,,v England,Centurion,22-Jan-16
England,lost,280 runs,lost,2nd,,v South Africa,Centurion,22-Jan-16
Australia,won,inns & 52 runs,won,2nd,,v New Zealand,Wellington,12-Feb-16
New Zealand,lost,inns & 52 runs,lost,1st,,v Australia,Wellington,12-Feb-16
Australia,won,7 wickets,won,2nd,,v New Zealand,Christchurch,20-Feb-16
New Zealand,lost,7 wickets,lost,1st,,v Australia,Christchurch,20-Feb-16
England,won,inns & 88 runs,lost,1st,,v Sri Lanka,Leeds,19-May-16
Sri Lanka,lost,inns & 88 runs,won,2nd,,v England,Leeds,19-May-16
England,won,9 wickets,won,1st,,v Sri Lanka,Chester-le-Street,27-May-16
Sri Lanka,lost,9 wickets,lost,2nd,,v England,Chester-le-Street,27-May-16
England,draw,-,won,1st,,v Sri Lanka,Lord's,09-Jun-16
Sri Lanka,draw,-,lost,2nd,,v England,Lord's,09-Jun-16
Pakistan,won,75 runs,won,1st,,v England,Lord's,14-Jul-16
England,lost,75 runs,lost,2nd,,v Pakistan,Lord's,14-Jul-16
India,won,inns & 92 runs,won,1st,,v West Indies,North Sound,21-Jul-16
West Indies,lost,inns & 92 runs,lost,2nd,,v India,North Sound,21-Jul-16
England,won,330 runs,won,1st,,v Pakistan,Manchester,22-Jul-16
Pakistan,lost,330 runs,lost,2nd,,v England,Manchester,22-Jul-16
Sri Lanka,won,106 runs,won,1st,,v Australia,Pallekele,26-Jul-16
Australia,lost,106 runs,lost,2nd,,v Sri Lanka,Pallekele,26-Jul-16
New Zealand,won,inns & 117 runs,lost,2nd,,v Zimbabwe,Bulawayo,28-Jul-16
Zimbabwe,lost,inns & 117 runs,won,1st,,v New Zealand,Bulawayo,28-Jul-16
India,draw,-,lost,2nd,,v West Indies,Kingston,30-Jul-16
West Indies,draw,-,won,1st,,v India,Kingston,30-Jul-16
England,won,141 runs,lost,1st,,v Pakistan,Birmingham,03-Aug-16
Pakistan,lost,141 runs,won,2nd,,v England,Birmingham,03-Aug-16
Sri Lanka,won,229 runs,won,1st,,v Australia,Galle,04-Aug-16
Australia,lost,229 runs,lost,2nd,,v Sri Lanka,Galle,04-Aug-16
New Zealand,won,254 runs,won,1st,,v Zimbabwe,Bulawayo,06-Aug-16
Zimbabwe,lost,254 runs,lost,2nd,,v New Zealand,Bulawayo,06-Aug-16
India,won,237 runs,lost,1st,,v West Indies,Gros Islet,09-Aug-16
West Indies,lost,237 runs,won,2nd,,v India,Gros Islet,09-Aug-16
Pakistan,won,10 wickets,lost,2nd,,v England,The Oval,11-Aug-16
England,lost,10 wickets,won,1st,,v Pakistan,The Oval,11-Aug-16
Sri Lanka,won,163 runs,won,1st,,v Australia,Colombo (SSC),13-Aug-16
Australia,lost,163 runs,lost,2nd,,v Sri Lanka,Colombo (SSC),13-Aug-16
India,draw,-,lost,2nd,,v West Indies,Port of Spain,18-Aug-16
West Indies,draw,-,won,1st,,v India,Port of Spain,18-Aug-16
New Zealand,draw,-,lost,2nd,,v South Africa,Durban,19-Aug-16
South Africa,draw,-,won,1st,,v New Zealand,Durban,19-Aug-16
South Africa,won,204 runs,lost,1st,,v New Zealand,Centurion,27-Aug-16
New Zealand,lost,204 runs,won,2nd,,v South Africa,Centurion,27-Aug-16
India,won,197 runs,won,1st,,v New Zealand,Kanpur,22-Sep-16
New Zealand,lost,197 runs,lost,2nd,,v India,Kanpur,22-Sep-16
India,won,178 runs,won,1st,,v New Zealand,Eden Gardens,30-Sep-16
New Zealand,lost,178 runs,lost,2nd,,v India,Eden Gardens,30-Sep-16
India,won,321 runs,won,1st,,v New Zealand,Indore,08-Oct-16
New Zealand,lost,321 runs,lost,2nd,,v India,Indore,08-Oct-16
Pakistan,won,56 runs,won,1st,,v West Indies,Dubai (DICS),13-Oct-16
West Indies,lost,56 runs,lost,2nd,,v Pakistan,Dubai (DICS),13-Oct-16
England,won,22 runs,won,1st,,v Bangladesh,Chattogram,20-Oct-16
Bangladesh,lost,22 runs,lost,2nd,,v England,Chattogram,20-Oct-16
Pakistan,won,133 runs,won,1st,,v West Indies,Abu Dhabi,21-Oct-16
West Indies,lost,133 runs,lost,2nd,,v Pakistan,Abu Dhabi,21-Oct-16
Bangladesh,won,108 runs,won,1st,,v England,Mirpur,28-Oct-16
England,lost,108 runs,lost,2nd,,v Bangladesh,Mirpur,28-Oct-16
Sri Lanka,won,225 runs,won,1st,,v Zimbabwe,Harare,29-Oct-16
Zimbabwe,lost,225 runs,lost,2nd,,v Sri Lanka,Harare,29-Oct-16
West Indies,won,5 wickets,lost,2nd,,v Pakistan,Sharjah,30-Oct-16
Pakistan,lost,5 wickets,won,1st,,v West Indies,Sharjah,30-Oct-16
South Africa,won,177 runs,won,1st,,v Australia,W.A.C.A,03-Nov-16
Australia,lost,177 runs,lost,2nd,,v South Africa,W.A.C.A,03-Nov-16
Sri Lanka,won,257 runs,lost,1st,,v Zimbabwe,Harare,06-Nov-16
Zimbabwe,lost,257 runs,won,2nd,,v Sri Lanka,Harare,06-Nov-16
England,draw,-,won,1st,,v India,Rajkot,09-Nov-16
India,draw,-,lost,2nd,,v England,Rajkot,09-Nov-16
South Africa,won,inns & 80 runs,won,2nd,,v Australia,Hobart,12-Nov-16
Australia,lost,inns & 80 runs,lost,1st,,v South Africa,Hobart,12-Nov-16
New Zealand,won,8 wickets,won,2nd,,v Pakistan,Christchurch,17-Nov-16
Pakistan,lost,8 wickets,lost,1st,,v New Zealand,Christchurch,17-Nov-16
India,won,246 runs,won,1st,,v England,Visakhapatnam,17-Nov-16
England,lost,246 runs,lost,2nd,,v India,Visakhapatnam,17-Nov-16
Australia,won,7 wickets,lost,2nd,,v South Africa,Adelaide,24-Nov-16
South Africa,lost,7 wickets,won,1st,,v Australia,Adelaide,24-Nov-16
New Zealand,won,138 runs,lost,1st,,v Pakistan,Hamilton,25-Nov-16
Pakistan,lost,138 runs,won,2nd,,v New Zealand,Hamilton,25-Nov-16
India,won,8 wickets,lost,2nd,,v England,Mohali,26-Nov-16
England,lost,8 wickets,won,1st,,v India,Mohali,26-Nov-16
India,won,inns & 36 runs,lost,2nd,,v England,Wankhede,08-Dec-16
England,lost,inns & 36 runs,won,1st,,v India,Wankhede,08-Dec-16
Australia,won,39 runs,won,1st,,v Pakistan,Brisbane,15-Dec-16
Pakistan,lost,39 runs,lost,2nd,,v Australia,Brisbane,15-Dec-16
India,won,inns & 75 runs,lost,2nd,,v England,Chennai,16-Dec-16
England,lost,inns & 75 runs,won,1st,,v India,Chennai,16-Dec-16
Australia,won,inns & 18 runs,lost,2nd,,v Pakistan,Melbourne,26-Dec-16
Pakistan,lost,inns & 18 runs,won,1st,,v Australia,Melbourne,26-Dec-16
South Africa,won,206 runs,won,1st,,v Sri Lanka,Gqeberha,26-Dec-16
Sri Lanka,lost,206 runs,lost,2nd,,v South Africa,Gqeberha,26-Dec-16
South Africa,won,282 runs,lost,1st,,v Sri Lanka,Cape Town,02-Jan-17
Sri Lanka,lost,282 runs,won,2nd,,v South Africa,Cape Town,02-Jan-17
Australia,won,220 runs,won,1st,,v Pakistan,Sydney,03-Jan-17
Pakistan,lost,220 runs,lost,2nd,,v Australia,Sydney,03-Jan-17
New Zealand,won,7 wickets,won,2nd,,v Bangladesh,Wellington,12-Jan-17
Bangladesh,lost,7 wickets,lost,1st,,v New Zealand,Wellington,12-Jan-17
South Africa,won,inns & 118 runs,won,1st,,v Sri Lanka,Johannesburg,12-Jan-17
Sri Lanka,lost,inns & 118 runs,lost,2nd,,v South Africa,Johannesburg,12-Jan-17
New Zealand,won,9 wickets,won,2nd,,v Bangladesh,Christchurch,20-Jan-17
Bangladesh,lost,9 wickets,lost,1st,,v New Zealand,Christchurch,20-Jan-17
India,won,208 runs,won,1st,,v Bangladesh,Hyderabad,09-Feb-17
Bangladesh,lost,208 runs,lost,2nd,,v India,Hyderabad,09-Feb-17
Australia,won,333 runs,won,1st,,v India,Pune,23-Feb-17
India,lost,333 runs,lost,2nd,,v Australia,Pune,23-Feb-17
India,won,75 runs,won,1st,,v Australia,Bengaluru,04-Mar-17
Australia,lost,75 runs,lost,2nd,,v India,Bengaluru,04-Mar-17
Sri Lanka,won,259 runs,won,1st,,v Bangladesh,Galle,07-Mar-17
Bangladesh,lost,259 runs,lost,2nd,,v Sri Lanka,Galle,07-Mar-17
New Zealand,draw,-,lost,2nd,,v South Africa,Dunedin,08-Mar-17
South Africa,draw,-,won,1st,,v New Zealand,Dunedin,08-Mar-17
Bangladesh,won,4 wickets,lost,2nd,,v Sri Lanka,Colombo (PSS),15-Mar-17
Sri Lanka,lost,4 wickets,won,1st,,v Bangladesh,Colombo (PSS),15-Mar-17
South Africa,won,8 wickets,won,2nd,,v New Zealand,Wellington,16-Mar-17
New Zealand,lost,8 wickets,lost,1st,,v South Africa,Wellington,16-Mar-17
Australia,draw,-,won,1st,,v India,Ranchi,16-Mar-17
India,draw,-,lost,2nd,,v Australia,Ranchi,16-Mar-17
New Zealand,draw,-,lost,2nd,,v South Africa,Hamilton,25-Mar-17
South Africa,draw,-,won,1st,,v New Zealand,Hamilton,25-Mar-17
India,won,8 wickets,lost,2nd,,v Australia,Dharamsala,25-Mar-17
Australia,lost,8 wickets,won,1st,,v India,Dharamsala,25-Mar-17
Pakistan,won,7 wickets,won,2nd,,v West Indies,Kingston,21-Apr-17
West Indies,lost,7 wickets,lost,1st,,v Pakistan,Kingston,21-Apr-17
West Indies,won,106 runs,won,1st,,v Pakistan,Bridgetown,30-Apr-17
Pakistan,lost,106 runs,lost,2nd,,v West Indies,Bridgetown,30-Apr-17
Pakistan,won,101 runs,lost,1st,,v West Indies,Roseau,10-May-17
West Indies,lost,101 runs,won,2nd,,v Pakistan,Roseau,10-May-17
England,won,211 runs,won,1st,,v South Africa,Lord's,06-Jul-17
South Africa,lost,211 runs,lost,2nd,,v England,Lord's,06-Jul-17
Sri Lanka,won,4 wickets,lost,2nd,,v Zimbabwe,Colombo (RPS),14-Jul-17
Zimbabwe,lost,4 wickets,won,1st,,v Sri Lanka,Colombo (RPS),14-Jul-17
South Africa,won,340 runs,won,1st,,v England,Nottingham,14-Jul-17
England,lost,340 runs,lost,2nd,,v South Africa,Nottingham,14-Jul-17
India,won,304 runs,won,1st,,v Sri Lanka,Galle,26-Jul-17
Sri Lanka,lost,304 runs,lost,2nd,,v India,Galle,26-Jul-17
England,won,239 runs,won,1st,,v South Africa,The Oval,27-Jul-17
South Africa,lost,239 runs,lost,2nd,,v England,The Oval,27-Jul-17
India,won,inns & 53 runs,won,1st,,v Sri Lanka,Colombo (SSC),03-Aug-17
Sri Lanka,lost,inns & 53 runs,lost,2nd,,v India,Colombo (SSC),03-Aug-17
England,won,177 runs,won,1st,,v South Africa,Manchester,04-Aug-17
South Africa,lost,177 runs,lost,2nd,,v England,Manchester,04-Aug-17
India,won,inns & 171 runs,won,1st,,v Sri Lanka,Pallekele,12-Aug-17
Sri Lanka,lost,inns & 171 runs,lost,2nd,,v India,Pallekele,12-Aug-17
England,won,inns & 209 runs,won,1st,,v West Indies,Birmingham,17-Aug-17
West Indies,lost,inns & 209 runs,lost,2nd,,v England,Birmingham,17-Aug-17
West Indies,won,5 wickets,lost,2nd,,v England,Leeds,25-Aug-17
England,lost,5 wickets,won,1st,,v West Indies,Leeds,25-Aug-17
Bangladesh,won,20 runs,won,1st,,v Australia,Mirpur,27-Aug-17
Australia,lost,20 runs,lost,2nd,,v Bangladesh,Mirpur,27-Aug-17
Australia,won,7 wickets,lost,2nd,,v Bangladesh,Chattogram,04-Sep-17
Bangladesh,lost,7 wickets,won,1st,,v Australia,Chattogram,04-Sep-17
England,won,9 wickets,lost,2nd,,v West Indies,Lord's,07-Sep-17
West Indies,lost,9 wickets,won,1st,,v England,Lord's,07-Sep-17
Sri Lanka,won,21 runs,won,1st,,v Pakistan,Abu Dhabi,28-Sep-17
Pakistan,lost,21 runs,lost,2nd,,v Sri Lanka,Abu Dhabi,28-Sep-17
South Africa,won,333 runs,lost,1st,,v Bangladesh,Potchefstroom,28-Sep-17
Bangladesh,lost,333 runs,won,2nd,,v South Africa,Potchefstroom,28-Sep-17
South Africa,won,inns & 254 runs,lost,1st,,v Bangladesh,Bloemfontein,06-Oct-17
Bangladesh,lost,inns & 254 runs,won,2nd,,v South Africa,Bloemfontein,06-Oct-17
Sri Lanka,won,68 runs,won,1st,,v Pakistan,Dubai (DICS),06-Oct-17
Pakistan,lost,68 runs,lost,2nd,,v Sri Lanka,Dubai (DICS),06-Oct-17
West Indies,won,117 runs,won,1st,,v Zimbabwe,Bulawayo,21-Oct-17
Zimbabwe,lost,117 runs,lost,2nd,,v West Indies,Bulawayo,21-Oct-17
West Indies,draw,-,lost,2nd,,v Zimbabwe,Bulawayo,29-Oct-17
Zimbabwe,draw,-,won,1st,,v West Indies,Bulawayo,29-Oct-17
India,draw,-,lost,1st,,v Sri Lanka,Eden Gardens,16-Nov-17
Sri Lanka,draw,-,won,2nd,,v India,Eden Gardens,16-Nov-17
Australia,won,10 wickets,lost,2nd,,v England,Brisbane,23-Nov-17
England,lost,10 wickets,won,1st,,v Australia,Brisbane,23-Nov-17
India,won,inns & 239 runs,lost,2nd,,v Sri Lanka,Nagpur,24-Nov-17
Sri Lanka,lost,inns & 239 runs,won,1st,,v India,Nagpur,24-Nov-17
New Zealand,won,inns & 67 runs,won,2nd,,v West Indies,Wellington,01-Dec-17
West Indies,lost,inns & 67 runs,lost,1st,,v New Zealand,Wellington,01-Dec-17
Australia,won,120 runs,lost,1st,,v England,Adelaide,02-Dec-17
England,lost,120 runs,won,2nd,,v Australia,Adelaide,02-Dec-17
India,draw,-,won,1st,,v Sri Lanka,Delhi,02-Dec-17
Sri Lanka,draw,-,lost,2nd,,v India,Delhi,02-Dec-17
New Zealand,won,240 runs,lost,1st,,v West Indies,Hamilton,09-Dec-17
West Indies,lost,240 runs,won,2nd,,v New Zealand,Hamilton,09-Dec-17
Australia,won,inns & 41 runs,lost,2nd,,v England,W.A.C.A,14-Dec-17
England,lost,inns & 41 runs,won,1st,,v Australia,W.A.C.A,14-Dec-17
Australia,draw,-,won,1st,,v England,Melbourne,26-Dec-17
England,draw,-,lost,2nd,,v Australia,Melbourne,26-Dec-17
South Africa,won,inns & 120 runs,won,1st,,v Zimbabwe,Gqeberha,26-Dec-17
Zimbabwe,lost,inns & 120 runs,lost,2nd,,v South Africa,Gqeberha,26-Dec-17
Australia,won,inns & 123 runs,lost,2nd,,v England,Sydney,04-Jan-18
England,lost,inns & 123 runs,won,1st,,v Australia,Sydney,04-Jan-18
South Africa,won,72 runs,won,1st,,v India,Cape Town,05-Jan-18
India,lost,72 runs,lost,2nd,,v South Africa,Cape Town,05-Jan-18
South Africa,won,135 runs,won,1st,,v India,Centurion,13-Jan-18
India,lost,135 runs,lost,2nd,,v South Africa,Centurion,13-Jan-18
India,won,63 runs,won,1st,,v South Africa,Johannesburg,24-Jan-18
South Africa,lost,63 runs,lost,2nd,,v India,Johannesburg,24-Jan-18
Bangladesh,draw,-,won,1st,,v Sri Lanka,Chattogram,31-Jan-18
Sri Lanka,draw,-,lost,2nd,,v Bangladesh,Chattogram,31-Jan-18
Sri Lanka,won,215 runs,won,1st,,v Bangladesh,Mirpur,08-Feb-18
Bangladesh,lost,215 runs,lost,2nd,,v Sri Lanka,Mirpur,08-Feb-18
Australia,won,118 runs,won,1st,,v South Africa,Durban,01-Mar-18
South Africa,lost,118 runs,lost,2nd,,v Australia,Durban,01-Mar-18
South Africa,won,6 wickets,lost,2nd,,v Australia,Gqeberha,09-Mar-18
Australia,lost,6 wickets,won,1st,,v South Africa,Gqeberha,09-Mar-18
New Zealand,won,inns & 49 runs,won,2nd,,v England,Auckland,22-Mar-18
England,lost,inns & 49 runs,lost,1st,,v New Zealand,Auckland,22-Mar-18
South Africa,won,322 runs,won,1st,,v Australia,Cape Town,22-Mar-18
Australia,lost,322 runs,lost,2nd,,v South Africa,Cape Town,22-Mar-18
England,draw,-,lost,1st,,v New Zealand,Christchurch,30-Mar-18
New Zealand,draw,-,won,2nd,,v England,Christchurch,30-Mar-18
South Africa,won,492 runs,won,1st,,v Australia,Johannesburg,30-Mar-18
Australia,lost,492 runs,lost,2nd,,v South Africa,Johannesburg,30-Mar-18
Pakistan,won,5 wickets,lost,1st,,v Ireland,Dublin (Malahide),11-May-18
Ireland,lost,5 wickets,won,2nd,,v Pakistan,Dublin (Malahide),11-May-18
Pakistan,won,9 wickets,lost,2nd,,v England,Lord's,24-May-18
England,lost,9 wickets,won,1st,,v Pakistan,Lord's,24-May-18
England,won,inns & 55 runs,lost,2nd,,v Pakistan,Leeds,01-Jun-18
Pakistan,lost,inns & 55 runs,won,1st,,v England,Leeds,01-Jun-18
West Indies,won,226 runs,won,1st,,v Sri Lanka,Port of Spain,06-Jun-18
Sri Lanka,lost,226 runs,lost,2nd,,v West Indies,Port of Spain,06-Jun-18
India,won,inns & 262 runs,won,1st,,v Afghanistan,Bengaluru,14-Jun-18
Afghanistan,lost,inns & 262 runs,lost,2nd,,v India,Bengaluru,14-Jun-18
Sri Lanka,draw,-,won,1st,,v West Indies,Gros Islet,14-Jun-18
West Indies,draw,-,lost,2nd,,v Sri Lanka,Gros Islet,14-Jun-18
Sri Lanka,won,4 wickets,lost,2nd,,v West Indies,Bridgetown,23-Jun-18
West Indies,lost,4 wickets,won,1st,,v Sri Lanka,Bridgetown,23-Jun-18
West Indies,won,inns & 219 runs,won,2nd,,v Bangladesh,North Sound,04-Jul-18
Bangladesh,lost,inns & 219 runs,lost,1st,,v West Indies,North Sound,04-Jul-18
Sri Lanka,won,278 runs,won,1st,,v South Africa,Galle,12-Jul-18
South Africa,lost,278 runs,lost,2nd,,v Sri Lanka,Galle,12-Jul-18
West Indies,won,166 runs,lost,1st,,v Bangladesh,Kingston,12-Jul-18
Bangladesh,lost,166 runs,won,2nd,,v West Indies,Kingston,12-Jul-18
Sri Lanka,won,199 runs,won,1st,,v South Africa,Colombo (SSC),20-Jul-18
South Africa,lost,199 runs,lost,2nd,,v Sri Lanka,Colombo (SSC),20-Jul-18
England,won,31 runs,won,1st,,v India,Birmingham,01-Aug-18
India,lost,31 runs,lost,2nd,,v England,Birmingham,01-Aug-18
England,won,inns & 159 runs,won,2nd,,v India,Lord's,09-Aug-18
India,lost,inns & 159 runs,lost,1st,,v England,Lord's,09-Aug-18
India,won,203 runs,lost,1st,,v England,Nottingham,18-Aug-18
England,lost,203 runs,won,2nd,,v India,Nottingham,18-Aug-18
England,won,60 runs,won,1st,,v India,Southampton,30-Aug-18
India,lost,60 runs,lost,2nd,,v England,Southampton,30-Aug-18
England,won,118 runs,won,1st,,v India,The Oval,07-Sep-18
India,lost,118 runs,lost,2nd,,v England,The Oval,07-Sep-18
India,won,inns & 272 runs,won,1st,,v West Indies,Rajkot,04-Oct-18
West Indies,lost,inns & 272 runs,lost,2nd,,v India,Rajkot,04-Oct-18
Australia,draw,-,lost,2nd,,v Pakistan,Dubai (DICS),07-Oct-18
Pakistan,draw,-,won,1st,,v Australia,Dubai (DICS),07-Oct-18
India,won,10 wickets,lost,2nd,,v West Indies,Hyderabad,12-Oct-18
West Indies,lost,10 wickets,won,1st,,v India,Hyderabad,12-Oct-18
Pakistan,won,373 runs,won,1st,,v Australia,Abu Dhabi,16-Oct-18
Australia,lost,373 runs,lost,2nd,,v Pakistan,Abu Dhabi,16-Oct-18
Zimbabwe,won,151 runs,won,1st,,v Bangladesh,Sylhet,03-Nov-18
Bangladesh,lost,151 runs,lost,2nd,,v Zimbabwe,Sylhet,03-Nov-18
England,won,211 runs,won,1st,,v Sri Lanka,Galle,06-Nov-18
Sri Lanka,lost,211 runs,lost,2nd,,v England,Galle,06-Nov-18
Bangladesh,won,218 runs,won,1st,,v Zimbabwe,Mirpur,11-Nov-18
Zimbabwe,lost,218 runs,lost,2nd,,v Bangladesh,Mirpur,11-Nov-18
England,won,57 runs,won,1st,,v Sri Lanka,Pallekele,14-Nov-18
Sri Lanka,lost,57 runs,lost,2nd,,v England,Pallekele,14-Nov-18
New Zealand,won,4 runs,won,1st,,v Pakistan,Abu Dhabi,16-Nov-18
Pakistan,lost,4 runs,lost,2nd,,v New Zealand,Abu Dhabi,16-Nov-18
Bangladesh,won,64 runs,won,1st,,v West Indies,Chattogram,22-Nov-18
West Indies,lost,64 runs,lost,2nd,,v Bangladesh,Chattogram,22-Nov-18
England,won,42 runs,won,1st,,v Sri Lanka,Colombo (SSC),23-Nov-18
Sri Lanka,lost,42 runs,lost,2nd,,v England,Colombo (SSC),23-Nov-18
Pakistan,won,inns & 16 runs,won,1st,,v New Zealand,Dubai (DICS),24-Nov-18
New Zealand,lost,inns & 16 runs,lost,2nd,,v Pakistan,Dubai (DICS),24-Nov-18
Bangladesh,won,inns & 184 runs,won,1st,,v West Indies,Mirpur,30-Nov-18
West Indies,lost,inns & 184 runs,lost,2nd,,v Bangladesh,Mirpur,30-Nov-18
New Zealand,won,123 runs,won,1st,,v Pakistan,Abu Dhabi,03-Dec-18
Pakistan,lost,123 runs,lost,2nd,,v New Zealand,Abu Dhabi,03-Dec-18
India,won,31 runs,won,1st,,v Australia,Adelaide,06-Dec-18
Australia,lost,31 runs,lost,2nd,,v India,Adelaide,06-Dec-18
Australia,won,146 runs,won,1st,,v India,Perth,14-Dec-18
India,lost,146 runs,lost,2nd,,v Australia,Perth,14-Dec-18
New Zealand,draw,-,won,2nd,,v Sri Lanka,Wellington,15-Dec-18
Sri Lanka,draw,-,lost,1st,,v New Zealand,Wellington,15-Dec-18
New Zealand,won,423 runs,lost,1st,,v Sri Lanka,Christchurch,26-Dec-18
Sri Lanka,lost,423 runs,won,2nd,,v New Zealand,Christchurch,26-Dec-18
India,won,137 runs,won,1st,,v Australia,Melbourne,26-Dec-18
Australia,lost,137 runs,lost,2nd,,v India,Melbourne,26-Dec-18
South Africa,won,6 wickets,lost,2nd,,v Pakistan,Centurion,26-Dec-18
Pakistan,lost,6 wickets,won,1st,,v South Africa,Centurion,26-Dec-18
Australia,draw,-,lost,2nd,,v India,Sydney,03-Jan-19
India,draw,-,won,1st,,v Australia,Sydney,03-Jan-19
South Africa,won,9 wickets,won,2nd,,v Pakistan,Cape Town,03-Jan-19
Pakistan,lost,9 wickets,lost,1st,,v South Africa,Cape Town,03-Jan-19
South Africa,won,107 runs,won,1st,,v Pakistan,Johannesburg,11-Jan-19
Pakistan,lost,107 runs,lost,2nd,,v South Africa,Johannesburg,11-Jan-19
West Indies,won,381 runs,won,1st,,v England,Bridgetown,23-Jan-19
England,lost,381 runs,lost,2nd,,v West Indies,Bridgetown,23-Jan-19
Australia,won,inns & 40 runs,lost,2nd,,v Sri Lanka,Brisbane,24-Jan-19
Sri Lanka,lost,inns & 40 runs,won,1st,,v Australia,Brisbane,24-Jan-19
West Indies,won,10 wickets,won,2nd,,v England,North Sound,31-Jan-19
England,lost,10 wickets,lost,1st,,v West Indies,North Sound,31-Jan-19
Australia,won,366 runs,won,1st,,v Sri Lanka,Canberra,01-Feb-19
Sri Lanka,lost,366 runs,lost,2nd,,v Australia,Canberra,01-Feb-19
England,won,232 runs,lost,1st,,v West Indies,Gros Islet,09-Feb-19
West Indies,lost,232 runs,won,2nd,,v England,Gros Islet,09-Feb-19
Sri Lanka,won,1 wickets,won,2nd,,v South Africa,Durban,13-Feb-19
South Africa,lost,1 wickets,lost,1st,,v Sri Lanka,Durban,13-Feb-19
Sri Lanka,won,8 wickets,lost,2nd,,v South Africa,Gqeberha,21-Feb-19
South Africa,lost,8 wickets,won,1st,,v Sri Lanka,Gqeberha,21-Feb-19
New Zealand,won,inns & 52 runs,won,2nd,,v Bangladesh,Hamilton,28-Feb-19
Bangladesh,lost,inns & 52 runs,lost,1st,,v New Zealand,Hamilton,28-Feb-19
New Zealand,won,inns & 12 runs,won,2nd,,v Bangladesh,Wellington,08-Mar-19
Bangladesh,lost,inns & 12 runs,lost,1st,,v New Zealand,Wellington,08-Mar-19
Afghanistan,won,7 wickets,lost,2nd,,v Ireland,Dehradun,15-Mar-19
Ireland,lost,7 wickets,won,1st,,v Afghanistan,Dehradun,15-Mar-19
Bangladesh,canc,-,-,-,,v New Zealand,Christchurch,16-Mar-19
New Zealand,canc,-,-,-,,v Bangladesh,Christchurch,16-Mar-19
England,won,143 runs,won,1st,,v Ireland,Lord's,24-Jul-19
Ireland,lost,143 runs,lost,2nd,,v England,Lord's,24-Jul-19
Australia,won,251 runs,won,1st,,v England,Birmingham,01-Aug-19
England,lost,251 runs,lost,2nd,,v Australia,Birmingham,01-Aug-19
Sri Lanka,won,6 wickets,lost,2nd,,v New Zealand,Galle,14-Aug-19
New Zealand,lost,6 wickets,won,1st,,v Sri Lanka,Galle,14-Aug-19
Australia,draw,-,won,2nd,,v England,Lord's,14-Aug-19
England,draw,-,lost,1st,,v Australia,Lord's,14-Aug-19
New Zealand,won,inns & 65 runs,lost,2nd,,v Sri Lanka,Colombo (PSS),22-Aug-19
Sri Lanka,lost,inns & 65 runs,won,1st,,v New Zealand,Colombo (PSS),22-Aug-19
England,won,1 wickets,won,2nd,,v Australia,Leeds,22-Aug-19
Australia,lost,1 wickets,lost,1st,,v England,Leeds,22-Aug-19
India,won,318 runs,lost,1st,,v West Indies,North Sound,22-Aug-19
West Indies,lost,318 runs,won,2nd,,v India,North Sound,22-Aug-19
India,won,257 runs,lost,1st,,v West Indies,Kingston,30-Aug-19
West Indies,lost,257 runs,won,2nd,,v India,Kingston,30-Aug-19
Australia,won,185 runs,won,1st,,v England,Manchester,04-Sep-19
England,lost,185 runs,lost,2nd,,v Australia,Manchester,04-Sep-19
Afghanistan,won,224 runs,won,1st,,v Bangladesh,Chattogram,05-Sep-19
Bangladesh,lost,224 runs,lost,2nd,,v Afghanistan,Chattogram,05-Sep-19
England,won,135 runs,lost,1st,,v Australia,The Oval,12-Sep-19
Australia,lost,135 runs,won,2nd,,v England,The Oval,12-Sep-19
India,won,203 runs,won,1st,,v South Africa,Visakhapatnam,02-Oct-19
South Africa,lost,203 runs,lost,2nd,,v India,Visakhapatnam,02-Oct-19
India,won,inns & 137 runs,won,1st,,v South Africa,Pune,10-Oct-19
South Africa,lost,inns & 137 runs,lost,2nd,,v India,Pune,10-Oct-19
India,won,inns & 202 runs,won,1st,,v South Africa,Ranchi,19-Oct-19
South Africa,lost,inns & 202 runs,lost,2nd,,v India,Ranchi,19-Oct-19
India,won,inns & 130 runs,lost,2nd,,v Bangladesh,Indore,14-Nov-19
Bangladesh,lost,inns & 130 runs,won,1st,,v India,Indore,14-Nov-19
New Zealand,won,inns & 65 runs,lost,2nd,,v England,Mount Maunganui,21-Nov-19
England,lost,inns & 65 runs,won,1st,,v New Zealand,Mount Maunganui,21-Nov-19
Australia,won,inns & 5 runs,lost,2nd,,v Pakistan,Brisbane,21-Nov-19
Pakistan,lost,inns & 5 runs,won,1st,,v Australia,Brisbane,21-Nov-19
India,won,inns & 46 runs,lost,2nd,,v Bangladesh,Eden Gardens,22-Nov-19
Bangladesh,lost,inns & 46 runs,won,1st,,v India,Eden Gardens,22-Nov-19
West Indies,won,9 wickets,won,2nd,,v Afghanistan,Lucknow,27-Nov-19
Afghanistan,lost,9 wickets,lost,1st,,v West Indies,Lucknow,27-Nov-19
England,draw,-,won,2nd,,v New Zealand,Hamilton,29-Nov-19
New Zealand,draw,-,lost,1st,,v England,Hamilton,29-Nov-19
Australia,won,inns & 48 runs,won,1st,,v Pakistan,Adelaide,29-Nov-19
Pakistan,lost,inns & 48 runs,lost,2nd,,v Australia,Adelaide,29-Nov-19
Pakistan,draw,-,lost,2nd,,v Sri Lanka,Rawalpindi,11-Dec-19
Sri Lanka,draw,-,won,1st,,v Pakistan,Rawalpindi,11-Dec-19
Australia,won,296 runs,won,1st,,v New Zealand,Perth,12-Dec-19
New Zealand,lost,296 runs,lost,2nd,,v Australia,Perth,12-Dec-19
Pakistan,won,263 runs,won,1st,,v Sri Lanka,Karachi,19-Dec-19
Sri Lanka,lost,263 runs,lost,2nd,,v Pakistan,Karachi,19-Dec-19
Australia,won,247 runs,lost,1st,,v New Zealand,Melbourne,26-Dec-19
New Zealand,lost,247 runs,won,2nd,,v Australia,Melbourne,26-Dec-19
South Africa,won,107 runs,lost,1st,,v England,Centurion,26-Dec-19
England,lost,107 runs,won,2nd,,v South Africa,Centurion,26-Dec-19
Australia,won,279 runs,won,1st,,v New Zealand,Sydney,03-Jan-20
New Zealand,lost,279 runs,lost,2nd,,v Australia,Sydney,03-Jan-20
England,won,189 runs,won,1st,,v South Africa,Cape Town,03-Jan-20
South Africa,lost,189 runs,lost,2nd,,v England,Cape Town,03-Jan-20
England,won,inns & 53 runs,won,1st,,v South Africa,Gqeberha,16-Jan-20
South Africa,lost,inns & 53 runs,lost,2nd,,v England,Gqeberha,16-Jan-20
Sri Lanka,won,10 wickets,lost,2nd,,v Zimbabwe,Harare,19-Jan-20
Zimbabwe,lost,10 wickets,won,1st,,v Sri Lanka,Harare,19-Jan-20
England,won,191 runs,won,1st,,v South Africa,Johannesburg,24-Jan-20
South Africa,lost,191 runs,lost,2nd,,v England,Johannesburg,24-Jan-20
Sri Lanka,draw,-,lost,2nd,,v Zimbabwe,Harare,27-Jan-20
Zimbabwe,draw,-,won,1st,,v Sri Lanka,Harare,27-Jan-20
Pakistan,won,inns & 44 runs,won,2nd,,v Bangladesh,Rawalpindi,07-Feb-20
Bangladesh,lost,inns & 44 runs,lost,1st,,v Pakistan,Rawalpindi,07-Feb-20
New Zealand,won,10 wickets,won,2nd,,v India,Wellington,21-Feb-20
India,lost,10 wickets,lost,1st,,v New Zealand,Wellington,21-Feb-20
Bangladesh,won,inns & 106 runs,lost,2nd,,v Zimbabwe,Mirpur,22-Feb-20
Zimbabwe,lost,inns & 106 runs,won,1st,,v Bangladesh,Mirpur,22-Feb-20
New Zealand,won,7 wickets,won,2nd,,v India,Christchurch,29-Feb-20
India,lost,7 wickets,lost,1st,,v New Zealand,Christchurch,29-Feb-20
England,canc,-,-,-,,v Sri Lanka,Galle,19-Mar-20
Sri Lanka,canc,-,-,-,,v England,Galle,19-Mar-20
England,canc,-,-,-,,v Sri Lanka,Colombo (SSC),27-Mar-20
Sri Lanka,canc,-,-,-,,v England,Colombo (SSC),27-Mar-20
Bangladesh,canc,-,-,-,,v Pakistan,Karachi,05-Apr-20
Pakistan,canc,-,-,-,,v Bangladesh,Karachi,05-Apr-20
Australia,canc,-,-,-,,v Bangladesh,Chattogram,11-Jun-20
Bangladesh,canc,-,-,-,,v Australia,Chattogram,11-Jun-20
Australia,canc,-,-,-,,v Bangladesh,Mirpur,19-Jun-20
Bangladesh,canc,-,-,-,,v Australia,Mirpur,19-Jun-20
West Indies,won,4 wickets,lost,2nd,,v England,Southampton,08-Jul-20
England,lost,4 wickets,won,1st,,v West Indies,Southampton,08-Jul-20
England,won,113 runs,lost,1st,,v West Indies,Manchester,16-Jul-20
West Indies,lost,113 runs,won,2nd,,v England,Manchester,16-Jul-20
England,won,269 runs,lost,1st,,v West Indies,Manchester,24-Jul-20
West Indies,lost,269 runs,won,2nd,,v England,Manchester,24-Jul-20
England,won,3 wickets,lost,2nd,,v Pakistan,Manchester,05-Aug-20
Pakistan,lost,3 wickets,won,1st,,v England,Manchester,05-Aug-20
England,draw,-,lost,2nd,,v Pakistan,Southampton,13-Aug-20
Pakistan,draw,-,won,1st,,v England,Southampton,13-Aug-20
England,draw,-,won,1st,,v Pakistan,Southampton,21-Aug-20
Pakistan,draw,-,lost,2nd,,v England,Southampton,21-Aug-20
New Zealand,won,inns & 134 runs,lost,1st,,v West Indies,Hamilton,03-Dec-20
West Indies,lost,inns & 134 runs,won,2nd,,v New Zealand,Hamilton,03-Dec-20
New Zealand,won,inns & 12 runs,lost,1st,,v West Indies,Wellington,11-Dec-20
West Indies,lost,inns & 12 runs,won,2nd,,v New Zealand,Wellington,11-Dec-20
Australia,won,8 wickets,lost,2nd,,v India,Adelaide,17-Dec-20
India,lost,8 wickets,won,1st,,v Australia,Adelaide,17-Dec-20
New Zealand,won,101 runs,lost,1st,,v Pakistan,Mount Maunganui,26-Dec-20
Pakistan,lost,101 runs,won,2nd,,v New Zealand,Mount Maunganui,26-Dec-20
India,won,8 wickets,lost,2nd,,v Australia,Melbourne,26-Dec-20
Australia,lost,8 wickets,won,1st,,v India,Melbourne,26-Dec-20
South Africa,won,inns & 45 runs,lost,2nd,,v Sri Lanka,Centurion,26-Dec-20
Sri Lanka,lost,inns & 45 runs,won,1st,,v South Africa,Centurion,26-Dec-20
New Zealand,won,inns & 176 runs,won,2nd,,v Pakistan,Christchurch,03-Jan-21
Pakistan,lost,inns & 176 runs,lost,1st,,v New Zealand,Christchurch,03-Jan-21
South Africa,won,10 wickets,lost,2nd,,v Sri Lanka,Johannesburg,03-Jan-21
Sri Lanka,lost,10 wickets,won,1st,,v South Africa,Johannesburg,03-Jan-21
Australia,draw,-,won,1st,,v India,Sydney,07-Jan-21
India,draw,-,lost,2nd,,v Australia,Sydney,07-Jan-21
England,won,7 wickets,lost,2nd,,v Sri Lanka,Galle,14-Jan-21
Sri Lanka,lost,7 wickets,won,1st,,v England,Galle,14-Jan-21
India,won,3 wickets,lost,2nd,,v Australia,Brisbane,15-Jan-21
Australia,lost,3 wickets,won,1st,,v India,Brisbane,15-Jan-21
England,won,6 wickets,lost,2nd,,v Sri Lanka,Galle,22-Jan-21
Sri Lanka,lost,6 wickets,won,1st,,v England,Galle,22-Jan-21
Pakistan,won,7 wickets,lost,2nd,,v South Africa,Karachi,26-Jan-21
South Africa,lost,7 wickets,won,1st,,v Pakistan,Karachi,26-Jan-21
West Indies,won,3 wickets,lost,2nd,,v Bangladesh,Chattogram,03-Feb-21
Bangladesh,lost,3 wickets,won,1st,,v West Indies,Chattogram,03-Feb-21
Pakistan,won,95 runs,won,1st,,v South Africa,Rawalpindi,04-Feb-21
South Africa,lost,95 runs,lost,2nd,,v Pakistan,Rawalpindi,04-Feb-21
England,won,227 runs,won,1st,,v India,Chennai,05-Feb-21
India,lost,227 runs,lost,2nd,,v England,Chennai,05-Feb-21
West Indies,won,17 runs,won,1st,,v Bangladesh,Mirpur,11-Feb-21
Bangladesh,lost,17 runs,lost,2nd,,v West Indies,Mirpur,11-Feb-21
India,won,317 runs,won,1st,,v England,Chennai,13-Feb-21
England,lost,317 runs,lost,2nd,,v India,Chennai,13-Feb-21
India,won,10 wickets,lost,2nd,,v England,Ahmedabad,24-Feb-21
England,lost,10 wickets,won,1st,,v India,Ahmedabad,24-Feb-21
Zimbabwe,won,10 wickets,lost,2nd,,v Afghanistan,Abu Dhabi,02-Mar-21
Afghanistan,lost,10 wickets,won,1st,,v Zimbabwe,Abu Dhabi,02-Mar-21
India,won,inns & 25 runs,lost,2nd,,v England,Ahmedabad,04-Mar-21
England,lost,inns & 25 runs,won,1st,,v India,Ahmedabad,04-Mar-21
Afghanistan,won,6 wickets,won,1st,,v Zimbabwe,Abu Dhabi,10-Mar-21
Zimbabwe,lost,6 wickets,lost,2nd,,v Afghanistan,Abu Dhabi,10-Mar-21
Sri Lanka,draw,-,lost,1st,,v West Indies,North Sound,21-Mar-21
West Indies,draw,-,won,2nd,,v Sri Lanka,North Sound,21-Mar-21
Sri Lanka,draw,-,won,2nd,,v West Indies,North Sound,29-Mar-21
West Indies,draw,-,lost,1st,,v Sri Lanka,North Sound,29-Mar-21
Bangladesh,draw,-,won,1st,,v Sri Lanka,Pallekele,21-Apr-21
Sri Lanka,draw,-,lost,2nd,,v Bangladesh,Pallekele,21-Apr-21
Sri Lanka,won,209 runs,won,1st,,v Bangladesh,Pallekele,29-Apr-21
Bangladesh,lost,209 runs,lost,2nd,,v Sri Lanka,Pallekele,29-Apr-21
Pakistan,won,inns & 116 runs,lost,2nd,,v Zimbabwe,Harare,29-Apr-21
Zimbabwe,lost,inns & 116 runs,won,1st,,v Pakistan,Harare,29-Apr-21
Pakistan,won,inns & 147 runs,won,1st,,v Zimbabwe,Harare,07-May-21
Zimbabwe,lost,inns & 147 runs,lost,2nd,,v Pakistan,Harare,07-May-21
England,draw,-,lost,2nd,,v New Zealand,Lord's,02-Jun-21
New Zealand,draw,-,won,1st,,v England,Lord's,02-Jun-21
New Zealand,won,8 wickets,lost,2nd,,v England,Birmingham,10-Jun-21
England,lost,8 wickets,won,1st,,v New Zealand,Birmingham,10-Jun-21
South Africa,won,inns & 63 runs,lost,2nd,,v West Indies,Gros Islet,10-Jun-21
West Indies,lost,inns & 63 runs,won,1st,,v South Africa,Gros Islet,10-Jun-21
New Zealand,won,8 wickets,won,2nd,,v India,Southampton,18-Jun-21
India,lost,8 wickets,lost,1st,,v New Zealand,Southampton,18-Jun-21
South Africa,won,158 runs,lost,1st,,v West Indies,Gros Islet,18-Jun-21
West Indies,lost,158 runs,won,2nd,,v South Africa,Gros Islet,18-Jun-21
Bangladesh,won,220 runs,won,1st,,v Zimbabwe,Harare,07-Jul-21
Zimbabwe,lost,220 runs,lost,2nd,,v Bangladesh,Harare,07-Jul-21
England,draw,-,won,1st,,v India,Nottingham,04-Aug-21
India,draw,-,lost,2nd,,v England,Nottingham,04-Aug-21
India,won,151 runs,lost,1st,,v England,Lord's,12-Aug-21
England,lost,151 runs,won,2nd,,v India,Lord's,12-Aug-21
West Indies,won,1 wickets,won,2nd,,v Pakistan,Kingston,12-Aug-21
Pakistan,lost,1 wickets,lost,1st,,v West Indies,Kingston,12-Aug-21
Pakistan,won,109 runs,lost,1st,,v West Indies,Kingston,20-Aug-21
West Indies,lost,109 runs,won,2nd,,v Pakistan,Kingston,20-Aug-21
England,won,inns & 76 runs,lost,2nd,,v India,Leeds,25-Aug-21
India,lost,inns & 76 runs,won,1st,,v England,Leeds,25-Aug-21
India,won,157 runs,lost,1st,,v England,The Oval,02-Sep-21
England,lost,157 runs,won,2nd,,v India,The Oval,02-Sep-21
Sri Lanka,won,187 runs,won,1st,,v West Indies,Galle,21-Nov-21
West Indies,lost,187 runs,lost,2nd,,v Sri Lanka,Galle,21-Nov-21
India,draw,-,won,1st,,v New Zealand,Kanpur,25-Nov-21
New Zealand,draw,-,lost,2nd,,v India,Kanpur,25-Nov-21
Pakistan,won,8 wickets,lost,2nd,,v Bangladesh,Chattogram,26-Nov-21
Bangladesh,lost,8 wickets,won,1st,,v Pakistan,Chattogram,26-Nov-21
Sri Lanka,won,164 runs,won,1st,,v West Indies,Galle,29-Nov-21
West Indies,lost,164 runs,lost,2nd,,v Sri Lanka,Galle,29-Nov-21
India,won,372 runs,won,1st,,v New Zealand,Wankhede,03-Dec-21
New Zealand,lost,372 runs,lost,2nd,,v India,Wankhede,03-Dec-21
Pakistan,won,inns & 8 runs,won,1st,,v Bangladesh,Mirpur,04-Dec-21
Bangladesh,lost,inns & 8 runs,lost,2nd,,v Pakistan,Mirpur,04-Dec-21
Australia,won,9 wickets,lost,2nd,,v England,Brisbane,08-Dec-21
England,lost,9 wickets,won,1st,,v Australia,Brisbane,08-Dec-21
Australia,won,275 runs,won,1st,,v England,Adelaide,16-Dec-21
England,lost,275 runs,lost,2nd,,v Australia,Adelaide,16-Dec-21
Australia,won,inns & 14 runs,won,2nd,,v England,Melbourne,26-Dec-21
England,lost,inns & 14 runs,lost,1st,,v Australia,Melbourne,26-Dec-21
India,won,113 runs,won,1st,,v South Africa,Centurion,26-Dec-21
South Africa,lost,113 runs,lost,2nd,,v India,Centurion,26-Dec-21
Bangladesh,won,8 wickets,won,2nd,,v New Zealand,Mount Maunganui,01-Jan-22
New Zealand,lost,8 wickets,lost,1st,,v Bangladesh,Mount Maunganui,01-Jan-22
South Africa,won,7 wickets,lost,2nd,,v India,Johannesburg,03-Jan-22
India,lost,7 wickets,won,1st,,v South Africa,Johannesburg,03-Jan-22
Australia,draw,-,won,1st,,v England,Sydney,05-Jan-22
England,draw,-,lost,2nd,,v Australia,Sydney,05-Jan-22
New Zealand,won,inns & 117 runs,lost,1st,,v Bangladesh,Christchurch,09-Jan-22
Bangladesh,lost,inns & 117 runs,won,2nd,,v New Zealand,Christchurch,09-Jan-22
South Africa,won,7 wickets,lost,2nd,,v India,Cape Town,11-Jan-22
India,lost,7 wickets,won,1st,,v South Africa,Cape Town,11-Jan-22
Australia,won,146 runs,lost,1st,,v England,Hobart,14-Jan-22
England,lost,146 runs,won,2nd,,v Australia,Hobart,14-Jan-22
New Zealand,won,inns & 276 runs,won,2nd,,v South Africa,Christchurch,17-Feb-22
South Africa,lost,inns & 276 runs,lost,1st,,v New Zealand,Christchurch,17-Feb-22
South Africa,won,198 runs,won,1st,,v New Zealand,Christchurch,25-Feb-22
New Zealand,lost,198 runs,lost,2nd,,v South Africa,Christchurch,25-Feb-22
India,won,inns & 222 runs,won,1st,,v Sri Lanka,Mohali,04-Mar-22
Sri Lanka,lost,inns & 222 runs,lost,2nd,,v India,Mohali,04-Mar-22
Australia,draw,-,lost,2nd,,v Pakistan,Rawalpindi,04-Mar-22
Pakistan,draw,-,won,1st,,v Australia,Rawalpindi,04-Mar-22
England,draw,-,won,1st,,v West Indies,North Sound,08-Mar-22
West Indies,draw,-,lost,2nd,,v England,North Sound,08-Mar-22
Australia,draw,-,won,1st,,v Pakistan,Karachi,12-Mar-22
Pakistan,draw,-,lost,2nd,,v Australia,Karachi,12-Mar-22
India,won,238 runs,won,1st,,v Sri Lanka,Bengaluru,12-Mar-22
Sri Lanka,lost,238 runs,lost,2nd,,v India,Bengaluru,12-Mar-22
England,draw,-,won,1st,,v West Indies,Bridgetown,16-Mar-22
West Indies,draw,-,lost,2nd,,v England,Bridgetown,16-Mar-22
Australia,won,115 runs,won,1st,,v Pakistan,Lahore,21-Mar-22
Pakistan,lost,115 runs,lost,2nd,,v Australia,Lahore,21-Mar-22
West Indies,won,10 wickets,won,2nd,,v England,St George's,24-Mar-22
England,lost,10 wickets,lost,1st,,v West Indies,St George's,24-Mar-22
South Africa,won,220 runs,lost,1st,,v Bangladesh,Durban,31-Mar-22
Bangladesh,lost,220 runs,won,2nd,,v South Africa,Durban,31-Mar-22
South Africa,won,332 runs,won,1st,,v Bangladesh,Gqeberha,08-Apr-22
Bangladesh,lost,332 runs,lost,2nd,,v South Africa,Gqeberha,08-Apr-22
Bangladesh,draw,-,lost,2nd,,v Sri Lanka,Chattogram,15-May-22
Sri Lanka,draw,-,won,1st,,v Bangladesh,Chattogram,15-May-22
Sri Lanka,won,10 wickets,lost,2nd,,v Bangladesh,Mirpur,23-May-22
Bangladesh,lost,10 wickets,won,1st,,v Sri Lanka,Mirpur,23-May-22
England,won,5 wickets,lost,2nd,,v New Zealand,Lord's,02-Jun-22
New Zealand,lost,5 wickets,won,1st,,v England,Lord's,02-Jun-22
England,won,5 wickets,won,2nd,,v New Zealand,Nottingham,10-Jun-22
New Zealand,lost,5 wickets,lost,1st,,v England,Nottingham,10-Jun-22
West Indies,won,7 wickets,won,2nd,,v Bangladesh,North Sound,16-Jun-22
Bangladesh,lost,7 wickets,lost,1st,,v West Indies,North Sound,16-Jun-22
England,won,7 wickets,lost,2nd,,v New Zealand,Leeds,23-Jun-22
New Zealand,lost,7 wickets,won,1st,,v England,Leeds,23-Jun-22
West Indies,won,10 wickets,won,2nd,,v Bangladesh,Gros Islet,24-Jun-22
Bangladesh,lost,10 wickets,lost,1st,,v West Indies,Gros Islet,24-Jun-22
Australia,won,10 wickets,lost,2nd,,v Sri Lanka,Galle,29-Jun-22
Sri Lanka,lost,10 wickets,won,1st,,v Australia,Galle,29-Jun-22
England,won,7 wickets,won,2nd,,v India,Birmingham,01-Jul-22
India,lost,7 wickets,lost,1st,,v England,Birmingham,01-Jul-22
Sri Lanka,won,inns & 39 runs,lost,2nd,,v Australia,Galle,08-Jul-22
Australia,lost,inns & 39 runs,won,1st,,v Sri Lanka,Galle,08-Jul-22
Pakistan,won,4 wickets,lost,2nd,,v Sri Lanka,Galle,16-Jul-22
Sri Lanka,lost,4 wickets,won,1st,,v Pakistan,Galle,16-Jul-22
Sri Lanka,won,246 runs,won,1st,,v Pakistan,Galle,24-Jul-22
Pakistan,lost,246 runs,lost,2nd,,v Sri Lanka,Galle,24-Jul-22
South Africa,won,inns & 12 runs,won,2nd,,v England,Lord's,17-Aug-22
England,lost,inns & 12 runs,lost,1st,,v South Africa,Lord's,17-Aug-22
England,won,inns & 85 runs,lost,2nd,,v South Africa,Manchester,25-Aug-22
South Africa,lost,inns & 85 runs,won,1st,,v England,Manchester,25-Aug-22
England,won,9 wickets,won,2nd,,v South Africa,The Oval,08-Sep-22
South Africa,lost,9 wickets,lost,1st,,v England,The Oval,08-Sep-22
Australia,won,164 runs,won,1st,,v West Indies,Perth,30-Nov-22
West Indies,lost,164 runs,lost,2nd,,v Australia,Perth,30-Nov-22
England,won,74 runs,won,1st,,v Pakistan,Rawalpindi,01-Dec-22
Pakistan,lost,74 runs,lost,2nd,,v England,Rawalpindi,01-Dec-22
Australia,won,419 runs,won,1st,,v West Indies,Adelaide,08-Dec-22
West Indies,lost,419 runs,lost,2nd,,v Australia,Adelaide,08-Dec-22
England,won,26 runs,won,1st,,v Pakistan,Multan,09-Dec-22
Pakistan,lost,26 runs,lost,2nd,,v England,Multan,09-Dec-22
India,won,188 runs,won,1st,,v Bangladesh,Chattogram,14-Dec-22
Bangladesh,lost,188 runs,lost,2nd,,v India,Chattogram,14-Dec-22
Australia,won,6 wickets,won,2nd,,v South Africa,Brisbane,17-Dec-22
South Africa,lost,6 wickets,lost,1st,,v Australia,Brisbane,17-Dec-22
England,won,8 wickets,lost,2nd,,v Pakistan,Karachi,17-Dec-22
Pakistan,lost,8 wickets,won,1st,,v England,Karachi,17-Dec-22
India,won,3 wickets,lost,2nd,,v Bangladesh,Mirpur,22-Dec-22
Bangladesh,lost,3 wickets,won,1st,,v India,Mirpur,22-Dec-22
Australia,won,inns & 182 runs,won,2nd,,v South Africa,Melbourne,26-Dec-22
South Africa,lost,inns & 182 runs,lost,1st,,v Australia,Melbourne,26-Dec-22
New Zealand,draw,-,lost,2nd,,v Pakistan,Karachi,26-Dec-22
Pakistan,draw,-,won,1st,,v New Zealand,Karachi,26-Dec-22
New Zealand,draw,-,won,1st,,v Pakistan,Karachi,02-Jan-23
Pakistan,draw,-,lost,2nd,,v New Zealand,Karachi,02-Jan-23
Australia,draw,-,won,1st,,v South Africa,Sydney,04-Jan-23
South Africa,draw,-,lost,2nd,,v Australia,Sydney,04-Jan-23
West Indies,draw,-,won,1st,,v Zimbabwe,Bulawayo,04-Feb-23
Zimbabwe,draw,-,lost,2nd,,v West Indies,Bulawayo,04-Feb-23
India,won,inns & 132 runs,lost,2nd,,v Australia,Nagpur,09-Feb-23
Australia,lost,inns & 132 runs,won,1st,,v India,Nagpur,09-Feb-23
West Indies,won,inns & 4 runs,lost,2nd,,v Zimbabwe,Bulawayo,12-Feb-23
Zimbabwe,lost,inns & 4 runs,won,1st,,v West Indies,Bulawayo,12-Feb-23
England,won,267 runs,lost,1st,,v New Zealand,Mount Maunganui,16-Feb-23
New Zealand,lost,267 runs,won,2nd,,v England,Mount Maunganui,16-Feb-23
India,won,6 wickets,lost,2nd,,v Australia,Delhi,17-Feb-23
Australia,lost,6 wickets,won,1st,,v India,Delhi,17-Feb-23
New Zealand,won,1 runs,won,2nd,,v England,Wellington,24-Feb-23
England,lost,1 runs,lost,1st,,v New Zealand,Wellington,24-Feb-23
South Africa,won,87 runs,won,1st,,v West Indies,Centurion,28-Feb-23
West Indies,lost,87 runs,lost,2nd,,v South Africa,Centurion,28-Feb-23
Australia,won,9 wickets,lost,2nd,,v India,Indore,01-Mar-23
India,lost,9 wickets,won,1st,,v Australia,Indore,01-Mar-23
South Africa,won,284 runs,won,1st,,v West Indies,Johannesburg,08-Mar-23
West Indies,lost,284 runs,lost,2nd,,v South Africa,Johannesburg,08-Mar-23
New Zealand,won,2 wickets,won,2nd,,v Sri Lanka,Christchurch,09-Mar-23
Sri Lanka,lost,2 wickets,lost,1st,,v New Zealand,Christchurch,09-Mar-23
Australia,draw,-,won,1st,,v India,Ahmedabad,09-Mar-23
India,draw,-,lost,2nd,,v Australia,Ahmedabad,09-Mar-23
New Zealand,won,inns & 58 runs,lost,1st,,v Sri Lanka,Wellington,17-Mar-23
Sri Lanka,lost,inns & 58 runs,won,2nd,,v New Zealand,Wellington,17-Mar-23
Bangladesh,won,7 wickets,lost,2nd,,v Ireland,Mirpur,04-Apr-23
Ireland,lost,7 wickets,won,1st,,v Bangladesh,Mirpur,04-Apr-23
Sri Lanka,won,inns & 280 runs,won,1st,,v Ireland,Galle,16-Apr-23
Ireland,lost,inns & 280 runs,lost,2nd,,v Sri Lanka,Galle,16-Apr-23
Sri Lanka,won,inns & 10 runs,lost,2nd,,v Ireland,Galle,24-Apr-23
Ireland,lost,inns & 10 runs,won,1st,,v Sri Lanka,Galle,24-Apr-23
England,won,10 wickets,won,2nd,,v Ireland,Lord's,01-Jun-23
Ireland,lost,10 wickets,lost,1st,,v England,Lord's,01-Jun-23
Australia,won,209 runs,lost,1st,,v India,The Oval,07-Jun-23
India,lost,209 runs,won,2nd,,v Australia,The Oval,07-Jun-23
Bangladesh,won,546 runs,lost,1st,,v Afghanistan,Mirpur,14-Jun-23
Afghanistan,lost,546 runs,won,2nd,,v Bangladesh,Mirpur,14-Jun-23
Australia,won,2 wickets,lost,2nd,,v England,Birmingham,16-Jun-23
England,lost,2 wickets,won,1st,,v Australia,Birmingham,16-Jun-23
Australia,won,43 runs,lost,1st,,v England,Lord's,28-Jun-23
England,lost,43 runs,won,2nd,,v Australia,Lord's,28-Jun-23
England,won,3 wickets,won,2nd,,v Australia,Leeds,06-Jul-23
Australia,lost,3 wickets,lost,1st,,v England,Leeds,06-Jul-23
India,won,inns & 141 runs,lost,2nd,,v West Indies,Roseau,12-Jul-23
West Indies,lost,inns & 141 runs,won,1st,,v India,Roseau,12-Jul-23
Pakistan,won,4 wickets,lost,2nd,,v Sri Lanka,Galle,16-Jul-23
Sri Lanka,lost,4 wickets,won,1st,,v Pakistan,Galle,16-Jul-23
Australia,draw,-,lost,1st,,v England,Manchester,19-Jul-23
England,draw,-,won,2nd,,v Australia,Manchester,19-Jul-23
India,draw,-,lost,1st,,v West Indies,Port of Spain,20-Jul-23
West Indies,draw,-,won,2nd,,v India,Port of Spain,20-Jul-23
Pakistan,won,inns & 222 runs,lost,2nd,,v Sri Lanka,Colombo (SSC),24-Jul-23
Sri Lanka,lost,inns & 222 runs,won,1st,,v Pakistan,Colombo (SSC),24-Jul-23
England,won,49 runs,lost,1st,,v Australia,The Oval,27-Jul-23
Australia,lost,49 runs,won,2nd,,v England,The Oval,27-Jul-23
Bangladesh,won,150 runs,won,1st,,v New Zealand,Sylhet,28-Nov-23
New Zealand,lost,150 runs,lost,2nd,,v Bangladesh,Sylhet,28-Nov-23
New Zealand,won,4 wickets,lost,2nd,,v Bangladesh,Mirpur,06-Dec-23
Bangladesh,lost,4 wickets,won,1st,,v New Zealand,Mirpur,06-Dec-23
Australia,won,360 runs,won,1st,,v Pakistan,Perth,14-Dec-23
Pakistan,lost,360 runs,lost,2nd,,v Australia,Perth,14-Dec-23
Australia,won,79 runs,lost,1st,,v Pakistan,Melbourne,26-Dec-23
Pakistan,lost,79 runs,won,2nd,,v Australia,Melbourne,26-Dec-23
South Africa,won,inns & 32 runs,won,2nd,,v India,Centurion,26-Dec-23
India,lost,inns & 32 runs,lost,1st,,v South Africa,Centurion,26-Dec-23
Australia,won,8 wickets,lost,2nd,,v Pakistan,Sydney,03-Jan-24
Pakistan,lost,8 wickets,won,1st,,v Australia,Sydney,03-Jan-24
India,won,7 wickets,lost,2nd,,v South Africa,Cape Town,03-Jan-24
South Africa,lost,7 wickets,won,1st,,v India,Cape Town,03-Jan-24
Australia,won,10 wickets,won,2nd,,v West Indies,Adelaide,17-Jan-24
West Indies,lost,10 wickets,lost,1st,,v Australia,Adelaide,17-Jan-24
West Indies,won,8 runs,won,1st,,v Australia,Brisbane,25-Jan-24
Australia,lost,8 runs,lost,2nd,,v West Indies,Brisbane,25-Jan-24
England,won,28 runs,won,1st,,v India,Hyderabad,25-Jan-24
India,lost,28 runs,lost,2nd,,v England,Hyderabad,25-Jan-24
India,won,106 runs,won,1st,,v England,Visakhapatnam,02-Feb-24
England,lost,106 runs,lost,2nd,,v India,Visakhapatnam,02-Feb-24
Sri Lanka,won,10 wickets,won,2nd,,v Afghanistan,Colombo (SSC),02-Feb-24
Afghanistan,lost,10 wickets,lost,1st,,v Sri Lanka,Colombo (SSC),02-Feb-24
New Zealand,won,281 runs,lost,1st,,v South Africa,Mount Maunganui,04-Feb-24
South Africa,lost,281 runs,won,2nd,,v New Zealand,Mount Maunganui,04-Feb-24
New Zealand,won,7 wickets,lost,2nd,,v South Africa,Hamilton,13-Feb-24
South Africa,lost,7 wickets,won,1st,,v New Zealand,Hamilton,13-Feb-24
India,won,434 runs,won,1st,,v England,Rajkot,15-Feb-24
England,lost,434 runs,lost,2nd,,v India,Rajkot,15-Feb-24
India,won,5 wickets,lost,2nd,,v England,Ranchi,23-Feb-24
England,lost,5 wickets,won,1st,,v India,Ranchi,23-Feb-24
Ireland,won,6 wickets,lost,2nd,,v Afghanistan,Tolerance Oval,28-Feb-24
Afghanistan,lost,6 wickets,won,1st,,v Ireland,Tolerance Oval,28-Feb-24
Australia,won,172 runs,lost,1st,,v New Zealand,Wellington,29-Feb-24
New Zealand,lost,172 runs,won,2nd,,v Australia,Wellington,29-Feb-24
India,won,inns & 64 runs,lost,2nd,,v England,Dharamsala,07-Mar-24
England,lost,inns & 64 runs,won,1st,,v India,Dharamsala,07-Mar-24
Australia,won,3 wickets,won,2nd,,v New Zealand,Christchurch,08-Mar-24
New Zealand,lost,3 wickets,lost,1st,,v Australia,Christchurch,08-Mar-24
Sri Lanka,won,328 runs,lost,1st,,v Bangladesh,Sylhet,22-Mar-24
Bangladesh,lost,328 runs,won,2nd,,v Sri Lanka,Sylhet,22-Mar-24
Sri Lanka,won,192 runs,won,1st,,v Bangladesh,Chattogram,30-Mar-24
Bangladesh,lost,192 runs,lost,2nd,,v Sri Lanka,Chattogram,30-Mar-24
England,won,inns & 114 runs,won,2nd,,v West Indies,Lord's,10-Jul-24
West Indies,lost,inns & 114 runs,lost,1st,,v England,Lord's,10-Jul-24
England,won,241 runs,lost,1st,,v West Indies,Nottingham,18-Jul-24
West Indies,lost,241 runs,won,2nd,,v England,Nottingham,18-Jul-24
Ireland,won,4 wickets,won,2nd,,v Zimbabwe,Belfast,25-Jul-24
Zimbabwe,lost,4 wickets,lost,1st,,v Ireland,Belfast,25-Jul-24
England,won,10 wickets,lost,2nd,,v West Indies,Birmingham,26-Jul-24
West Indies,lost,10 wickets,won,1st,,v England,Birmingham,26-Jul-24
South Africa,draw,-,won,1st,,v West Indies,Port of Spain,07-Aug-24
West Indies,draw,-,lost,2nd,,v South Africa,Port of Spain,07-Aug-24
South Africa,won,40 runs,won,1st,,v West Indies,Providence,15-Aug-24
West Indies,lost,40 runs,lost,2nd,,v South Africa,Providence,15-Aug-24
Bangladesh,won,10 wickets,won,2nd,,v Pakistan,Rawalpindi,21-Aug-24
Pakistan,lost,10 wickets,lost,1st,,v Bangladesh,Rawalpindi,21-Aug-24
England,won,5 wickets,lost,2nd,,v Sri Lanka,Manchester,21-Aug-24
Sri Lanka,lost,5 wickets,won,1st,,v England,Manchester,21-Aug-24
England,won,190 runs,lost,1st,,v Sri Lanka,Lord's,29-Aug-24
Sri Lanka,lost,190 runs,won,2nd,,v England,Lord's,29-Aug-24
Bangladesh,won,6 wickets,won,2nd,,v Pakistan,Rawalpindi,30-Aug-24
Pakistan,lost,6 wickets,lost,1st,,v Bangladesh,Rawalpindi,30-Aug-24
Sri Lanka,won,8 wickets,won,2nd,,v England,The Oval,06-Sep-24
England,lost,8 wickets,lost,1st,,v Sri Lanka,The Oval,06-Sep-24
Afghanistan,aban,-,-,-,,v New Zealand,Greater Noida,09-Sep-24
New Zealand,aban,-,-,-,,v Afghanistan,Greater Noida,09-Sep-24
Sri Lanka,won,63 runs,won,1st,,v New Zealand,Galle,18-Sep-24
New Zealand,lost,63 runs,lost,2nd,,v Sri Lanka,Galle,18-Sep-24
India,won,280 runs,lost,1st,,v Bangladesh,Chennai,19-Sep-24
Bangladesh,lost,280 runs,won,2nd,,v India,Chennai,19-Sep-24
Sri Lanka,won,inns & 154 runs,won,1st,,v New Zealand,Galle,26-Sep-24
New Zealand,lost,inns & 154 runs,lost,2nd,,v Sri Lanka,Galle,26-Sep-24
India,won,7 wickets,won,2nd,,v Bangladesh,Kanpur,27-Sep-24
Bangladesh,lost,7 wickets,lost,1st,,v India,Kanpur,27-Sep-24
England,won,inns & 47 runs,lost,2nd,,v Pakistan,Multan,07-Oct-24
Pakistan,lost,inns & 47 runs,won,1st,,v England,Multan,07-Oct-24
Pakistan,won,152 runs,won,1st,,v England,Multan,15-Oct-24
England,lost,152 runs,lost,2nd,,v Pakistan,Multan,15-Oct-24
New Zealand,won,8 wickets,lost,2nd,,v India,Bengaluru,16-Oct-24
India,lost,8 wickets,won,1st,,v New Zealand,Bengaluru,16-Oct-24
South Africa,won,7 wickets,lost,2nd,,v Bangladesh,Mirpur,21-Oct-24
Bangladesh,lost,7 wickets,won,1st,,v South Africa,Mirpur,21-Oct-24
New Zealand,won,113 runs,won,1st,,v India,Pune,24-Oct-24
India,lost,113 runs,lost,2nd,,v New Zealand,Pune,24-Oct-24
Pakistan,won,9 wickets,lost,2nd,,v England,Rawalpindi,24-Oct-24
England,lost,9 wickets,won,1st,,v Pakistan,Rawalpindi,24-Oct-24
South Africa,won,inns & 273 runs,won,1st,,v Bangladesh,Chattogram,29-Oct-24
Bangladesh,lost,inns & 273 runs,lost,2nd,,v South Africa,Chattogram,29-Oct-24
New Zealand,won,25 runs,won,1st,,v India,Wankhede,01-Nov-24
India,lost,25 runs,lost,2nd,,v New Zealand,Wankhede,01-Nov-24
India,won,295 runs,won,1st,,v Australia,Perth,22-Nov-24
Australia,lost,295 runs,lost,2nd,,v India,Perth,22-Nov-24
West Indies,won,201 runs,lost,1st,,v Bangladesh,North Sound,22-Nov-24
Bangladesh,lost,201 runs,won,2nd,,v West Indies,North Sound,22-Nov-24
South Africa,won,233 runs,lost,1st,,v Sri Lanka,Durban,27-Nov-24
Sri Lanka,lost,233 runs,won,2nd,,v South Africa,Durban,27-Nov-24
England,won,8 wickets,won,2nd,,v New Zealand,Christchurch,28-Nov-24
New Zealand,lost,8 wickets,lost,1st,,v England,Christchurch,28-Nov-24
Bangladesh,won,101 runs,won,1st,,v West Indies,Kingston,30-Nov-24
West Indies,lost,101 runs,lost,2nd,,v Bangladesh,Kingston,30-Nov-24
South Africa,won,109 runs,won,1st,,v Sri Lanka,Gqeberha,05-Dec-24
Sri Lanka,lost,109 runs,lost,2nd,,v South Africa,Gqeberha,05-Dec-24
England,won,323 runs,lost,1st,,v New Zealand,Wellington,06-Dec-24
New Zealand,lost,323 runs,won,2nd,,v England,Wellington,06-Dec-24
Australia,won,10 wickets,lost,2nd,,v India,Adelaide,06-Dec-24
India,lost,10 wickets,won,1st,,v Australia,Adelaide,06-Dec-24
New Zealand,won,423 runs,lost,1st,,v England,Hamilton,14-Dec-24
England,lost,423 runs,won,2nd,,v New Zealand,Hamilton,14-Dec-24
Australia,draw,-,lost,1st,,v India,Brisbane,14-Dec-24
India,draw,-,won,2nd,,v Australia,Brisbane,14-Dec-24
Australia,won,184 runs,won,1st,,v India,Melbourne,26-Dec-24
India,lost,184 runs,lost,2nd,,v Australia,Melbourne,26-Dec-24
South Africa,won,2 wickets,won,2nd,,v Pakistan,Centurion,26-Dec-24
Pakistan,lost,2 wickets,lost,1st,,v South Africa,Centurion,26-Dec-24
Afghanistan,draw,-,lost,2nd,,v Zimbabwe,Bulawayo,26-Dec-24
Zimbabwe,draw,-,won,1st,,v Afghanistan,Bulawayo,26-Dec-24
Afghanistan,won,72 runs,lost,1st,,v Zimbabwe,Bulawayo,02-Jan-25
Zimbabwe,lost,72 runs,won,2nd,,v Afghanistan,Bulawayo,02-Jan-25
Australia,won,6 wickets,lost,2nd,,v India,Sydney,03-Jan-25
India,lost,6 wickets,won,1st,,v Australia,Sydney,03-Jan-25
South Africa,won,10 wickets,won,1st,,v Pakistan,Cape Town,03-Jan-25
Pakistan,lost,10 wickets,lost,2nd,,v South Africa,Cape Town,03-Jan-25
Pakistan,won,127 runs,won,1st,,v West Indies,Multan,17-Jan-25
West Indies,lost,127 runs,lost,2nd,,v Pakistan,Multan,17-Jan-25
West Indies,won,120 runs,won,1st,,v Pakistan,Multan,25-Jan-25
Pakistan,lost,120 runs,lost,2nd,,v West Indies,Multan,25-Jan-25
Australia,won,inns & 242 runs,won,1st,,v Sri Lanka,Galle,29-Jan-25
Sri Lanka,lost,inns & 242 runs,lost,2nd,,v Australia,Galle,29-Jan-25
Australia,won,9 wickets,lost,2nd,,v Sri Lanka,Galle,06-Feb-25
Sri Lanka,lost,9 wickets,won,1st,,v Australia,Galle,06-Feb-25
Ireland,won,63 runs,won,1st,,v Zimbabwe,Bulawayo,06-Feb-25
Zimbabwe,lost,63 runs,lost,2nd,,v Ireland,Bulawayo,06-Feb-25
Zimbabwe,won,3 wickets,lost,2nd,,v Bangladesh,Sylhet,20-Apr-25
Bangladesh,lost,3 wickets,won,1st,,v Zimbabwe,Sylhet,20-Apr-25
